PCONCODE,PCONNAME,WINNER,SECOND,ELECT2015,MPNAME,TOPSEARCH,SECOND,THIRD
E14000530,Aldershot,Con,Lab,72430,Gerald Howarth,Healthcare/NHS,Pensions,Government budget
E14000531,Aldridge-Brownhills,Con,Lab,60215,Wendy Morton,EU/Brexit,Healthcare/NHS,Pensions
E14000532,Altrincham and Sale West,Con,Lab,71511,Graham Brady,Healthcare/NHS,EU/Brexit,Pensions
E14000533,Amber Valley,Con,Lab,69510,Nigel Mills,Healthcare/NHS,EU/Brexit,Pensions
E14000534,Arundel and South Downs,Con,UKIP,77242,Nick Herbert,Refugees/immigration,Healthcare/NHS,EU/Brexit
E14000535,Ashfield,Lab,Con,77091,Gloria De Piero,Pensions,Healthcare/NHS,EU/Brexit
E14000536,Ashford,Con,UKIP,85177,Damian Green,Healthcare/NHS,EU/Brexit,Racism
E14000537,Ashton-under-Lyne,Lab,Con,68343,Angela Rayner,Healthcare/NHS,Pensions,EU/Brexit
E14000538,Aylesbury,Con,UKIP,80315,David Lidington,Pensions,Healthcare/NHS,EU/Brexit
E14000539,Banbury,Con,Lab,86420,Victoria Prentis,Healthcare/NHS,EU/Brexit,Religion
E14000540,Barking,Lab,UKIP,73977,Margaret Hodge,Religion,Healthcare/NHS,EU/Brexit
E14000541,Barnsley Central,Lab,UKIP,64534,Dan Jarvis,Healthcare/NHS,Pensions,EU/Brexit
E14000542,Barnsley East,Lab,UKIP,69135,Michael Dugher,Healthcare/NHS,EU/Brexit,Unemployment
E14000543,Barrow and Furness,Lab,Con,68338,John Woodcock,Healthcare/NHS,EU/Brexit,Pensions
E14000544,Basildon and Billericay,Con,Lab,66347,John Baron,Healthcare/NHS,Racism,EU/Brexit
E14000545,Basingstoke,Con,Lab,79665,Maria Miller,Healthcare/NHS,Pensions,Religion
E14000546,Bassetlaw,Lab,Con,76796,John Mann,Terrorism,EU/Brexit,Healthcare/NHS
E14000547,Bath,Con,LD,63084,Ben Howlett,EU/Brexit,Healthcare/NHS,Pensions
E14000548,Batley and Spen,Lab,Con,78373,Tracy Brabin,Religion,EU/Brexit,Healthcare/NHS
E14000549,Battersea,Con,Lab,76111,Jane Ellison,Healthcare/NHS,EU/Brexit,Religion
E14000550,Beaconsfield,Con,UKIP,74726,Dominic Grieve,Pensions,Healthcare/NHS,EU/Brexit
E14000551,Beckenham,Con,Lab,67439,Bob Stewart,EU/Brexit,Healthcare/NHS,Refugees/immigration
E14000552,Bedford,Con,Lab,69311,Richard Fuller,Religion,Refugees/immigration,Healthcare/NHS
E14000553,Bermondsey and Old Southwark,Lab,LD,83298,Neil Coyle,Healthcare/NHS,EU/Brexit,Religion
E14000554,Berwick-upon-Tweed,Con,LD,56969,Anne-Marie Trevelyan,Environment/Climate change,Terrorism,EU/Brexit
E14000555,Bethnal Green and Bow,Lab,Con,82727,Rushanara Ali,Healthcare/NHS,EU/Brexit,Religion
E14000556,Beverley and Holderness,Con,Lab,80805,Graham Stuart,Healthcare/NHS,EU/Brexit,Pensions
E14000557,Bexhill and Battle,Con,UKIP,78796,Huw Merriman,Healthcare/NHS,Pensions,Unemployment
E14000558,Bexleyheath and Crayford,Con,Lab,64828,David Evennett,Religion,Healthcare/NHS,EU/Brexit
E14000559,Birkenhead,Lab,Con,62410,Frank Field,Healthcare/NHS,EU/Brexit,Pensions
E14000560,"Birmingham, Edgbaston",Lab,Con,65591,Gisela Stuart,Healthcare/NHS,Pensions,EU/Brexit
E14000561,"Birmingham, Erdington",Lab,Con,65128,Jack Dromey,Healthcare/NHS,Religion,EU/Brexit
E14000562,"Birmingham, Hall Green",Lab,Con,76330,Roger Godsiff,Religion,Healthcare/NHS,EU/Brexit
E14000563,"Birmingham, Hodge Hill",Lab,Con,75302,Liam Byrne,Healthcare/NHS,Religion,EU/Brexit
E14000564,"Birmingham, Ladywood",Lab,Con,68128,Shabana Mahmood,Healthcare/NHS,Religion,EU/Brexit
E14000565,"Birmingham, Northfield",Lab,Con,71428,Richard Burden,Healthcare/NHS,EU/Brexit,Pensions
E14000566,"Birmingham, Perry Barr",Lab,Con,69943,Khalid Mahmood,Healthcare/NHS,Religion,EU/Brexit
E14000567,"Birmingham, Selly Oak",Lab,Con,75092,Steve McCabe,Religion,Healthcare/NHS,EU/Brexit
E14000568,"Birmingham, Yardley",Lab,LD,72146,Jess Phillips,Religion,Healthcare/NHS,EU/Brexit
E14000569,Bishop Auckland,Lab,Con,66070,Helen Goodman,EU/Brexit,Healthcare/NHS,Environment/Climate change
E14000570,Blackburn,Lab,Con,73260,Kate Hollern,Healthcare/NHS,EU/Brexit,Religion
E14000571,Blackley and Broughton,Lab,UKIP,71913,Graham Stringer,Healthcare/NHS,EU/Brexit,Religion
E14000572,Blackpool North and Cleveleys,Con,Lab,62468,Paul Maynard,Pensions,Healthcare/NHS,EU/Brexit
E14000573,Blackpool South,Lab,Con,57411,Gordon Marsden,Healthcare/NHS,EU/Brexit,Pensions
E14000574,Blaydon,Lab,UKIP,67901,David Anderson,Religion,Healthcare/NHS,EU/Brexit
E14000575,Blyth Valley,Lab,UKIP,61247,Ronnie Campbell,Terrorism,Healthcare/NHS,EU/Brexit
E14000576,Bognor Regis and Littlehampton,Con,UKIP,72995,Nick Gibb,Healthcare/NHS,Religion,EU/Brexit
E14000577,Bolsover,Lab,Con,71979,Dennis Skinner,Healthcare/NHS,Pensions,Economy and growth
E14000578,Bolton North East,Lab,Con,67895,David Crausby,Healthcare/NHS,EU/Brexit,Religion
E14000579,Bolton South East,Lab,UKIP,69687,Yasmin Qureshi,Healthcare/NHS,EU/Brexit,Religion
E14000580,Bolton West,Con,Lab,72719,Chris Green,EU/Brexit,Terrorism,Religion
E14000581,Bootle,Lab,UKIP,70145,Peter Dowd,Healthcare/NHS,EU/Brexit,Pensions
E14000582,Boston and Skegness,Con,UKIP,67064,Matt Warman,Healthcare/NHS,EU/Brexit,Economy and growth
E14000583,Bosworth,Con,LD,79738,David Tredinnick,Religion,Healthcare/NHS,EU/Brexit
E14000584,Bournemouth East,Con,Lab,72275,Tobias Ellwood,Healthcare/NHS,Pensions,EU/Brexit
E14000585,Bournemouth West,Con,UKIP,72082,Conor Burns,Healthcare/NHS,Pensions,EU/Brexit
E14000586,Bracknell,Con,Lab,81271,Phillip Lee,Refugees/immigration,Healthcare/NHS,EU/Brexit
E14000587,Bradford East,Lab,LD,66121,Imran Hussain,Healthcare/NHS,EU/Brexit,Religion
E14000588,Bradford South,Lab,Con,63674,Judith Cummins,Healthcare/NHS,Economy and growth,EU/Brexit
E14000589,Bradford West,Lab,Respect,63372,Naseem Shah,Healthcare/NHS,Religion,Pensions
E14000590,Braintree,Con,UKIP,73557,James Cleverly,Healthcare/NHS,Racism,Pensions
E14000591,Brent Central,Lab,Con,77038,Dawn Butler,Healthcare/NHS,Refugees/immigration,EU/Brexit
E14000592,Brent North,Lab,Con,82196,Barry Gardiner,Healthcare/NHS,Refugees/immigration,EU/Brexit
E14000593,Brentford and Isleworth,Lab,Con,84602,Ruth Cadbury,Healthcare/NHS,EU/Brexit,Religion
E14000594,Brentwood and Ongar,Con,UKIP,71918,Eric Pickles,Religion,Terrorism,Healthcare/NHS
E14000595,Bridgwater and West Somerset,Con,UKIP,80491,Ian Liddell-Grainger,EU/Brexit,Healthcare/NHS,Pensions
E14000596,Brigg and Goole,Con,Lab,68488,Andrew Percy,Healthcare/NHS,Pensions,EU/Brexit
E14000597,"Brighton, Kemptown",Con,Lab,67858,Simon Kirby,Healthcare/NHS,EU/Brexit,Pensions
E14000598,"Brighton, Pavilion",Green,Lab,76557,Caroline Lucas,Healthcare/NHS,EU/Brexit,Pensions
E14000599,Bristol East,Lab,Con,71193,Kerry McCarthy,Healthcare/NHS,EU/Brexit,Pensions
E14000600,Bristol North West,Con,Lab,74743,Charlotte Leslie,Healthcare/NHS,EU/Brexit,Pensions
E14000601,Bristol South,Lab,Con,81496,Karin Smyth,Healthcare/NHS,EU/Brexit,Pensions
E14000602,Bristol West,Lab,Green,91236,Thangam Debbonaire,Healthcare/NHS,EU/Brexit,Pensions
E14000603,Broadland,Con,Lab,73552,Keith Simpson,Terrorism,Healthcare/NHS,EU/Brexit
E14000604,Bromley and Chislehurst,Con,Lab,65477,Bob Neill,Healthcare/NHS,EU/Brexit,Religion
E14000605,Bromsgrove,Con,Lab,73337,Sajid Javid,Pensions,EU/Brexit,Healthcare/NHS
E14000606,Broxbourne,Con,UKIP,72944,Charles Walker,Terrorism,Healthcare/NHS,EU/Brexit
E14000607,Broxtowe,Con,Lab,71764,Anna Soubry,Terrorism,Healthcare/NHS,EU/Brexit
E14000608,Buckingham,Spk,UKIP,77425,John Bercow,Pensions,Environment/Climate change,Healthcare/NHS
E14000609,Burnley,Lab,LD,64477,Julie Cooper,Religion,EU/Brexit,Healthcare/NHS
E14000610,Burton,Con,Lab,75248,Andrew Griffiths,Healthcare/NHS,Religion,Pensions
E14000611,Bury North,Con,Lab,67580,David Nuttall,Healthcare/NHS,Environment/Climate change,EU/Brexit
E14000612,Bury South,Lab,Con,73883,Ivan Lewis,Healthcare/NHS,Religion,Refugees/immigration
E14000613,Bury St Edmunds,Con,Lab,85982,Jo Churchill,EU/Brexit,Healthcare/NHS,Pensions
E14000614,Calder Valley,Con,Lab,77754,Craig Whittaker,Healthcare/NHS,Pensions,EU/Brexit
E14000615,Camberwell and Peckham,Lab,Con,82746,Harriet Harman,Healthcare/NHS,EU/Brexit,Religion
E14000616,Camborne and Redruth,Con,Lab,66944,George Eustice,Healthcare/NHS,EU/Brexit,Religion
E14000617,Cambridge,Lab,LD,83384,Daniel Zeichner,Healthcare/NHS,EU/Brexit,Religion
E14000618,Cannock Chase,Con,Lab,74532,Amanda Milling,Healthcare/NHS,Religion,EU/Brexit
E14000619,Canterbury,Con,Lab,81341,Julian Brazier,Healthcare/NHS,EU/Brexit,Pensions
E14000620,Carlisle,Con,Lab,65827,John Stevenson,Pensions,Healthcare/NHS,EU/Brexit
E14000621,Carshalton and Wallington,LD,Con,69981,Tom Brake,Healthcare/NHS,Pensions,Religion
E14000622,Castle Point,Con,UKIP,68170,Rebecca Harris,EU/Brexit,Healthcare/NHS,Pensions
E14000623,Central Devon,Con,UKIP,72737,Mel Stride,EU/Brexit,Healthcare/NHS,Religion
E14000624,Central Suffolk and North Ipswich,Con,Lab,76666,Daniel Poulter,Healthcare/NHS,Refugees/immigration,Pensions
E14000625,Charnwood,Con,Lab,77269,Edward Argar,Healthcare/NHS,Religion,EU/Brexit
E14000626,Chatham and Aylesford,Con,Lab,66355,Tracey Crouch,Healthcare/NHS,EU/Brexit,Religion
E14000627,Cheadle,Con,LD,73239,Mary Robinson,Healthcare/NHS,Pensions,EU/Brexit
E14000628,Chelmsford,Con,Lab,78580,Simon Burns,Refugees/immigration,Healthcare/NHS,Terrorism
E14000629,Chelsea and Fulham,Con,Lab,63478,Greg Hands,Healthcare/NHS,EU/Brexit,Religion
E14000630,Cheltenham,Con,LD,77287,Alex Chalk,Healthcare/NHS,EU/Brexit,Pensions
E14000631,Chesham and Amersham,Con,UKIP,72547,Cheryl Gillan,EU/Brexit,Healthcare/NHS,Pensions
E14000632,Chesterfield,Lab,Con,71625,Toby Perkins,Healthcare/NHS,Pensions,EU/Brexit
E14000633,Chichester,Con,UKIP,83396,Andrew Tyrie,Healthcare/NHS,EU/Brexit,Refugees/immigration
E14000634,Chingford and Woodford Green,Con,Lab,66680,Iain Duncan Smith,Healthcare/NHS,EU/Brexit,Religion
E14000635,Chippenham,Con,LD,74218,Michelle Donelan,Healthcare/NHS,Refugees/immigration,Racism
E14000636,Chipping Barnet,Con,Lab,77807,Theresa Villiers,Religion,Healthcare/NHS,EU/Brexit
E14000637,Chorley,Lab,Con,74679,Lindsay Hoyle,Healthcare/NHS,EU/Brexit,Environment/Climate change
E14000638,Christchurch,Con,UKIP,69303,Christopher Chope,EU/Brexit,Healthcare/NHS,Pensions
E14000639,Cities of London and Westminster,Con,Lab,60992,Mark Field,Healthcare/NHS,EU/Brexit,Religion
E14000640,City of Chester,Lab,Con,74485,Chris Matheson,Pensions,Healthcare/NHS,EU/Brexit
E14000641,City of Durham,Lab,Con,68725,Roberta Blackman-Woods,Healthcare/NHS,EU/Brexit,Religion
E14000642,Clacton,UKIP,Con,68936,Douglas Carswell,Environment/Climate change,Healthcare/NHS,EU/Brexit
E14000643,Cleethorpes,Con,Lab,71008,Martin Vickers,Economy and growth,Healthcare/NHS,Pensions
E14000644,Colchester,Con,LD,74204,Will Quince,Pensions,Healthcare/NHS,EU/Brexit
E14000645,Colne Valley,Con,Lab,82516,Jason McCartney,Healthcare/NHS,EU/Brexit,Religion
E14000646,Congleton,Con,Lab,72503,Fiona Bruce,Healthcare/NHS,Pensions,EU/Brexit
E14000647,Copeland,Lab,Con,62087,Trudy Harrison,Healthcare/NHS,Religion,EU/Brexit
E14000648,Corby,Con,Lab,79775,Tom Pursglove,EU/Brexit,Healthcare/NHS,Racism
E14000649,Coventry North East,Lab,Con,75462,Colleen Fletcher,Pensions,EU/Brexit,Healthcare/NHS
E14000650,Coventry North West,Lab,Con,73626,Geoffrey Robinson,Healthcare/NHS,EU/Brexit,Religion
E14000651,Coventry South,Lab,Con,70397,Jim Cunningham,Healthcare/NHS,EU/Brexit,Religion
E14000652,Crawley,Con,Lab,73936,Henry Smith,Healthcare/NHS,EU/Brexit,Pensions
E14000653,Crewe and Nantwich,Con,Lab,74169,Edward Timpson,Healthcare/NHS,Refugees/immigration,EU/Brexit
E14000654,Croydon Central,Con,Lab,78171,Gavin Barwell,EU/Brexit,Healthcare/NHS,Religion
E14000655,Croydon North,Lab,Con,85941,Steve Reed,Healthcare/NHS,EU/Brexit,Religion
E14000656,Croydon South,Con,Lab,82010,Chris Philp,Healthcare/NHS,EU/Brexit,Refugees/immigration
E14000657,Dagenham and Rainham,Lab,UKIP,69128,Jon Cruddas,Healthcare/NHS,Refugees/immigration,EU/Brexit
E14000658,Darlington,Lab,Con,65851,Jenny Chapman,EU/Brexit,Healthcare/NHS,Pensions
E14000659,Dartford,Con,Lab,75209,Gareth Johnson,Healthcare/NHS,EU/Brexit,Racism
E14000660,Daventry,Con,Lab,72873,Chris Heaton-Harris,Healthcare/NHS,Pensions,EU/Brexit
E14000661,Denton and Reddish,Lab,Con,66141,Andrew Gwynne,Healthcare/NHS,Pensions,EU/Brexit
E14000662,Derby North,Con,Lab,69794,Amanda Solloway,Healthcare/NHS,EU/Brexit,Pensions
E14000663,Derby South,Lab,Con,70240,Margaret Beckett,Healthcare/NHS,EU/Brexit,Pensions
E14000664,Derbyshire Dales,Con,Lab,63476,Patrick McLoughlin,Pensions,Healthcare/NHS,EU/Brexit
E14000665,Devizes,Con,UKIP,69205,Claire Perry,Economy and growth,Healthcare/NHS,EU/Brexit
E14000666,Dewsbury,Lab,Con,79770,Paula Sherriff,Healthcare/NHS,Religion,EU/Brexit
E14000667,Don Valley,Lab,Con,71299,Caroline Flint,Environment/Climate change,Pensions,Government budget
E14000668,Doncaster Central,Lab,UKIP,71136,Rosie Winterton,EU/Brexit,Healthcare/NHS,Religion
E14000669,Doncaster North,Lab,UKIP,70989,Ed Miliband,Healthcare/NHS,EU/Brexit,Pensions
E14000670,Dover,Con,Lab,72930,Charlie Elphicke,EU/Brexit,Racism,Environment/Climate change
E14000671,Dudley North,Lab,Con,60717,Ian Austin,Healthcare/NHS,EU/Brexit,Pensions
E14000672,Dudley South,Con,Lab,60363,Mike Wood,Healthcare/NHS,EU/Brexit,Religion
E14000673,Dulwich and West Norwood,Lab,Con,76575,Helen Hayes,EU/Brexit,Healthcare/NHS,Refugees/immigration
E14000674,Ealing Central and Acton,Lab,Con,71422,Rupa Huq,Healthcare/NHS,Refugees/immigration,EU/Brexit
E14000675,Ealing North,Lab,Con,73881,Steve Pound,Healthcare/NHS,Religion,EU/Brexit
E14000676,"Ealing, Southall",Lab,Con,65606,Virendra Sharma,EU/Brexit,Healthcare/NHS,Pensions
E14000677,Easington,Lab,UKIP,61659,Grahame Morris,Healthcare/NHS,Pensions,EU/Brexit
E14000678,East Devon,Con,Ind,76519,Hugo Swire,Healthcare/NHS,Pensions,EU/Brexit
E14000679,East Ham,Lab,Con,87382,Stephen Timms,Religion,Healthcare/NHS,EU/Brexit
E14000680,East Hampshire,Con,UKIP,71074,Damian Hinds,EU/Brexit,Healthcare/NHS,Pensions
E14000681,East Surrey,Con,UKIP,79654,Sam Gyimah,Healthcare/NHS,Refugees/immigration,EU/Brexit
E14000682,East Worthing and Shoreham,Con,Lab,74775,Tim Loughton,Religion,Healthcare/NHS,EU/Brexit
E14000683,East Yorkshire,Con,Lab,81023,Greg Knight,Healthcare/NHS,EU/Brexit,Pensions
E14000684,Eastbourne,Con,LD,78262,Caroline Ansell,Economy and growth,EU/Brexit,Healthcare/NHS
E14000685,Eastleigh,Con,LD,79609,Mims Davies,Healthcare/NHS,Pensions,Religion
E14000686,Eddisbury,Con,Lab,68569,Antoinette Sandbach,Healthcare/NHS,Pensions,Terrorism
E14000687,Edmonton,Lab,Con,66016,Kate Osamor,Healthcare/NHS,EU/Brexit,Pensions
E14000688,Ellesmere Port and Neston,Lab,Con,69223,Justin Madders,Pensions,Healthcare/NHS,EU/Brexit
E14000689,Elmet and Rothwell,Con,Lab,79143,Alec Shelbrooke,EU/Brexit,Pensions,Healthcare/NHS
E14000690,Eltham,Lab,Con,63998,Clive Efford,Religion,Healthcare/NHS,EU/Brexit
E14000691,Enfield North,Lab,Con,68118,Joan Ryan,Healthcare/NHS,EU/Brexit,Pensions
E14000692,"Enfield, Southgate",Con,Lab,64937,David Burrowes,Healthcare/NHS,EU/Brexit,Pensions
E14000693,Epping Forest,Con,UKIP,73447,Eleanor Laing,Healthcare/NHS,EU/Brexit,Pensions
E14000694,Epsom and Ewell,Con,Lab,78633,Chris Grayling,Healthcare/NHS,EU/Brexit,Pensions
E14000695,Erewash,Con,Lab,71943,Maggie Throup,Healthcare/NHS,EU/Brexit,Religion
E14000696,Erith and Thamesmead,Lab,Con,70397,Teresa Pearce,EU/Brexit,Pensions,Healthcare/NHS
E14000697,Esher and Walton,Con,Lab,79894,Dominic Raab,Healthcare/NHS,EU/Brexit,Pensions
E14000698,Exeter,Lab,Con,76968,Ben Bradshaw,Pensions,Healthcare/NHS,EU/Brexit
E14000699,Fareham,Con,UKIP,77114,Suella Fernandes,Healthcare/NHS,EU/Brexit,Pensions
E14000700,Faversham and Mid Kent,Con,UKIP,69523,Helen Whately,Healthcare/NHS,Terrorism,Pensions
E14000701,Feltham and Heston,Lab,Con,82340,Seema Malhotra,Religion,Healthcare/NHS,EU/Brexit
E14000702,Filton and Bradley Stoke,Con,Lab,71310,Jack Lopresti,Healthcare/NHS,Pensions,EU/Brexit
E14000703,Finchley and Golders Green,Con,Lab,72530,Mike Freer,Religion,Healthcare/NHS,EU/Brexit
E14000704,Folkestone and Hythe,Con,UKIP,83651,Damian Collins,Healthcare/NHS,EU/Brexit,Pensions
E14000705,Forest of Dean,Con,Lab,69865,Mark Harper,Healthcare/NHS,Terrorism,EU/Brexit
E14000706,Fylde,Con,Lab,65679,Mark Menzies,Monetary policy,Healthcare/NHS,EU/Brexit
E14000707,Gainsborough,Con,Lab,74686,Edward Leigh,EU/Brexit,Healthcare/NHS,Unemployment
E14000708,Garston and Halewood,Lab,Con,73719,Maria Eagle,Environment/Climate change,Healthcare/NHS,EU/Brexit
E14000709,Gateshead,Lab,UKIP,64524,Ian Mearns,Healthcare/NHS,Pensions,EU/Brexit
E14000710,Gedling,Lab,Con,70000,Vernon Coaker,Healthcare/NHS,EU/Brexit,Pensions
E14000711,Gillingham and Rainham,Con,Lab,70984,Rehman Chishti,Healthcare/NHS,EU/Brexit,Pensions
E14000712,Gloucester,Con,Lab,82968,Richard Graham,Healthcare/NHS,Pensions,Refugees/immigration
E14000713,Gosport,Con,UKIP,73268,Caroline Dinenage,Healthcare/NHS,Pensions,EU/Brexit
E14000714,Grantham and Stamford,Con,UKIP,81150,Nicholas Boles,EU/Brexit,Healthcare/NHS,Pensions
E14000715,Gravesham,Con,Lab,72043,Adam Holloway,Refugees/immigration,Healthcare/NHS,Pensions
E14000716,Great Grimsby,Lab,Con,59200,Melanie Onn,Healthcare/NHS,EU/Brexit,Pensions
E14000717,Great Yarmouth,Con,Lab,69793,Brandon Lewis,Healthcare/NHS,Pensions,EU/Brexit
E14000718,Greenwich and Woolwich,Lab,Con,73315,Matthew Pennycook,Religion,Healthcare/NHS,EU/Brexit
E14000719,Guildford,Con,LD,75733,Anne Milton,Environment/Climate change,Healthcare/NHS,EU/Brexit
E14000720,Hackney North and Stoke Newington,Lab,Con,88153,Diane Abbott,Healthcare/NHS,EU/Brexit,Religion
E14000721,Hackney South and Shoreditch,Lab,Con,84971,Meg Hillier,Healthcare/NHS,EU/Brexit,Religion
E14000722,Halesowen and Rowley Regis,Con,Lab,66048,James Morris,Healthcare/NHS,Unemployment,Religion
E14000723,Halifax,Lab,Con,70462,Holly Lynch,Healthcare/NHS,Pensions,Religion
E14000724,Haltemprice and Howden,Con,Lab,71195,David Davis,Pensions,Healthcare/NHS,Racism
E14000725,Halton,Lab,Con,72818,Derek Twigg,Environment/Climate change,Healthcare/NHS,EU/Brexit
E14000726,Hammersmith,Lab,Con,72254,Andrew Slaughter,Healthcare/NHS,Refugees/immigration,EU/Brexit
E14000727,Hampstead and Kilburn,Lab,Con,80195,Tulip Siddiq,Healthcare/NHS,EU/Brexit,Religion
E14000728,Harborough,Con,Lab,77760,Edward Garnier,Pensions,Healthcare/NHS,Religion
E14000729,Harlow,Con,Lab,67994,Robert Halfon,Healthcare/NHS,EU/Brexit,Pensions
E14000730,Harrogate and Knaresborough,Con,LD,76408,Andrew Jones,Healthcare/NHS,EU/Brexit,Pensions
E14000731,Harrow East,Con,Lab,70981,Bob Blackman,Healthcare/NHS,Religion,EU/Brexit
E14000732,Harrow West,Lab,Con,69644,Gareth Thomas,EU/Brexit,Healthcare/NHS,Religion
E14000733,Hartlepool,Lab,UKIP,69947,Iain Wright,Healthcare/NHS,Racism,EU/Brexit
E14000734,Harwich and North Essex,Con,Lab,69290,Bernard Jenkin,Healthcare/NHS,EU/Brexit,Pensions
E14000735,Hastings and Rye,Con,Lab,75095,Amber Rudd,Pensions,EU/Brexit,Healthcare/NHS
E14000736,Havant,Con,UKIP,70573,Alan Mak,Healthcare/NHS,EU/Brexit,Religion
E14000737,Hayes and Harlington,Lab,Con,74874,John Martin McDonnell,Healthcare/NHS,EU/Brexit,Religion
E14000738,Hazel Grove,Con,LD,63098,William Wragg,Environment/Climate change,Healthcare/NHS,Racism
E14000739,Hemel Hempstead,Con,Lab,74616,Mike Penning,EU/Brexit,Pensions,Healthcare/NHS
E14000740,Hemsworth,Lab,Con,72714,Jon Trickett,Healthcare/NHS,EU/Brexit,Pensions
E14000741,Hendon,Con,Lab,75285,Matthew Offord,EU/Brexit,Healthcare/NHS,Religion
E14000742,Henley,Con,Lab,77946,John Howell,Healthcare/NHS,Pensions,EU/Brexit
E14000743,Hereford and South Herefordshire,Con,UKIP,71485,Jesse Norman,Pensions,Healthcare/NHS,EU/Brexit
E14000744,Hertford and Stortford,Con,Lab,80610,Mark Prisk,Healthcare/NHS,Unemployment,Pensions
E14000745,Hertsmere,Con,Lab,73767,Oliver Dowden,Pensions,Healthcare/NHS,Economy and growth
E14000746,Hexham,Con,Lab,59708,Guy Opperman,Healthcare/NHS,Terrorism,Pensions
E14000747,Heywood and Middleton,Lab,UKIP,79989,Liz McInnes,Healthcare/NHS,Pensions,Environment/Climate change
E14000748,High Peak,Con,Lab,73336,Andrew Bingham,Healthcare/NHS,EU/Brexit,Pensions
E14000749,Hitchin and Harpenden,Con,Lab,80333,Peter Lilley,Healthcare/NHS,Religion,Pensions
E14000750,Holborn and St Pancras,Lab,Con,86764,Keir Starmer,Healthcare/NHS,EU/Brexit,Religion
E14000751,Hornchurch and Upminster,Con,UKIP,79331,Angela Watkinson,Healthcare/NHS,Religion,Pensions
E14000752,Hornsey and Wood Green,Lab,LD,79247,Catherine West,Healthcare/NHS,EU/Brexit,Pensions
E14000753,Horsham,Con,UKIP,79085,Jeremy Quin,Healthcare/NHS,Elderly,Pensions
E14000754,Houghton and Sunderland South,Lab,UKIP,68324,Bridget Phillipson,EU/Brexit,Healthcare/NHS,Unemployment
E14000755,Hove,Lab,Con,73505,Peter Kyle,Healthcare/NHS,Refugees/immigration,EU/Brexit
E14000756,Huddersfield,Lab,Con,65269,Barry Sheerman,Healthcare/NHS,Religion,Pensions
E14000757,Huntingdon,Con,Lab,82593,Jonathan Djanogly,Healthcare/NHS,Pensions,Environment/Climate change
E14000758,Hyndburn,Lab,Con,68341,Graham Jones,EU/Brexit,Healthcare/NHS,Refugees/immigration
E14000759,Ilford North,Lab,Con,75294,Wes Streeting,Healthcare/NHS,EU/Brexit,Pensions
E14000760,Ilford South,Lab,Con,91987,Mike Gapes,Healthcare/NHS,EU/Brexit,Religion
E14000761,Ipswich,Con,Lab,74499,Ben Gummer,Healthcare/NHS,Pensions,EU/Brexit
E14000762,Isle of Wight,Con,UKIP,108804,Andrew Turner,Healthcare/NHS,EU/Brexit,Religion
E14000763,Islington North,Lab,Con,73326,Jeremy Corbyn,Healthcare/NHS,EU/Brexit,Religion
E14000764,Islington South and Finsbury,Lab,Con,68127,Emily Thornberry,Healthcare/NHS,EU/Brexit,Religion
E14000765,Jarrow,Lab,UKIP,64002,Stephen Hepburn,Healthcare/NHS,EU/Brexit,Pensions
E14000766,Keighley,Con,Lab,68865,Kris Hopkins,Healthcare/NHS,EU/Brexit,Pensions
E14000767,Kenilworth and Southam,Con,Lab,63957,Jeremy Wright,Religion,Healthcare/NHS,Pensions
E14000768,Kensington,Con,Lab,61133,Victoria Borwick,Healthcare/NHS,EU/Brexit,Religion
E14000769,Kettering,Con,Lab,70155,Philip Hollobone,EU/Brexit,Pensions,Religion
E14000770,Kingston and Surbiton,Con,LD,81238,James Berry,Healthcare/NHS,EU/Brexit,Pensions
E14000771,Kingston upon Hull East,Lab,UKIP,65710,Karl Turner,Healthcare/NHS,EU/Brexit,Religion
E14000772,Kingston upon Hull North,Lab,UKIP,64148,Diana R. Johnson,Healthcare/NHS,EU/Brexit,Religion
E14000773,Kingston upon Hull West and Hessle,Lab,UKIP,59100,Alan Johnson,EU/Brexit,Pensions,Healthcare/NHS
E14000774,Kingswood,Con,Lab,68193,Chris Skidmore,Healthcare/NHS,Religion,EU/Brexit
E14000775,Knowsley,Lab,UKIP,79108,George Howarth,Healthcare/NHS,EU/Brexit,Pensions
E14000776,Lancaster and Fleetwood,Lab,Con,61922,Cat Smith,Healthcare/NHS,EU/Brexit,Pensions
E14000777,Leeds Central,Lab,Con,81799,Hilary Benn,Healthcare/NHS,Religion,EU/Brexit
E14000778,Leeds East,Lab,Con,64754,Richard Burgon,EU/Brexit,Environment/Climate change,Healthcare/NHS
E14000779,Leeds North East,Lab,Con,69097,Fabian Hamilton,Healthcare/NHS,Religion,EU/Brexit
E14000780,Leeds North West,LD,Lab,61974,Greg Mulholland,Healthcare/NHS,Pensions,Environment/Climate change
E14000781,Leeds West,Lab,Con,64950,Rachel Reeves,Healthcare/NHS,EU/Brexit,Pensions
E14000782,Leicester East,Lab,Con,75430,Keith Vaz,Healthcare/NHS,Religion,EU/Brexit
E14000783,Leicester South,Lab,Con,73518,Jon Ashworth,Healthcare/NHS,Religion,EU/Brexit
E14000784,Leicester West,Lab,Con,63204,Liz Kendall,Healthcare/NHS,EU/Brexit,Refugees/immigration
E14000785,Leigh,Lab,Con,75905,Andy Burnham,Pensions,Environment/Climate change,EU/Brexit
E14000786,Lewes,Con,LD,69481,Maria Caulfield,Racism,Healthcare/NHS,EU/Brexit
E14000787,Lewisham East,Lab,Con,66913,Heidi Alexander,Healthcare/NHS,EU/Brexit,Religion
E14000788,Lewisham West and Penge,Lab,Con,72290,Jim Dowd,EU/Brexit,Healthcare/NHS,Refugees/immigration
E14000789,"Lewisham, Deptford",Lab,Con,73428,Vicky Foxcroft,EU/Brexit,Healthcare/NHS,Refugees/immigration
E14000790,Leyton and Wanstead,Lab,Con,64580,John Cryer,Healthcare/NHS,EU/Brexit,Religion
E14000791,Lichfield,Con,Lab,74234,Michael Fabricant,Healthcare/NHS,Pensions,EU/Brexit
E14000792,Lincoln,Con,Lab,74121,Karl McCartney,Unemployment,Healthcare/NHS,EU/Brexit
E14000793,"Liverpool, Riverside",Lab,Green,70829,Louise Ellman,Healthcare/NHS,EU/Brexit,Pensions
E14000794,"Liverpool, Walton",Lab,UKIP,61908,Steve Rotheram,Healthcare/NHS,EU/Brexit,Pensions
E14000795,"Liverpool, Wavertree",Lab,Con,61549,Luciana Berger,Healthcare/NHS,EU/Brexit,Pensions
E14000796,"Liverpool, West Derby",Lab,UKIP,63651,Stephen Twigg,Healthcare/NHS,EU/Brexit,Pensions
E14000797,Loughborough,Con,Lab,75217,Nicky Morgan,Healthcare/NHS,EU/Brexit,Pensions
E14000798,Louth and Horncastle,Con,UKIP,74870,Victoria Atkins,Religion,Racism,Healthcare/NHS
E14000799,Ludlow,Con,UKIP,66374,Philip Dunne,EU/Brexit,Pensions,Healthcare/NHS
E14000800,Luton North,Lab,Con,67329,Kelvin Hopkins,Healthcare/NHS,Religion,EU/Brexit
E14000801,Luton South,Lab,Con,67741,Gavin Shuker,Religion,Healthcare/NHS,EU/Brexit
E14000802,Macclesfield,Con,Lab,71712,David Rutley,Pensions,Healthcare/NHS,EU/Brexit
E14000803,Maidenhead,Con,Lab,74187,Theresa May,Healthcare/NHS,EU/Brexit,Pensions
E14000804,Maidstone and The Weald,Con,LD,73181,Helen Grant,Healthcare/NHS,Pensions,EU/Brexit
E14000805,Makerfield,Lab,UKIP,74320,Yvonne Fovargue,Healthcare/NHS,Religion,EU/Brexit
E14000806,Maldon,Con,UKIP,69066,John Whittingdale,Healthcare/NHS,Pensions,EU/Brexit
E14000807,Manchester Central,Lab,Con,86078,Lucy Powell,Healthcare/NHS,EU/Brexit,Religion
E14000808,"Manchester, Gorton",Lab,Green,72992,Gerald Kaufman,Healthcare/NHS,EU/Brexit,Pensions
E14000809,"Manchester, Withington",Lab,LD,74102,Jeff Smith,Healthcare/NHS,EU/Brexit,Pensions
E14000810,Mansfield,Lab,Con,77534,Alan Meale,Religion,Healthcare/NHS,Terrorism
E14000811,Meon Valley,Con,UKIP,72738,George Hollingbery,Pensions,Healthcare/NHS,EU/Brexit
E14000812,Meriden,Con,Lab,81928,Caroline Spelman,Healthcare/NHS,EU/Brexit,Pensions
E14000813,Mid Bedfordshire,Con,Lab,78501,Nadine Dorries,Healthcare/NHS,Religion,EU/Brexit
E14000814,Mid Derbyshire,Con,Lab,67477,Pauline Latham,Healthcare/NHS,EU/Brexit,Pensions
E14000815,Mid Dorset and North Poole,Con,LD,64299,Michael Tomlinson,Healthcare/NHS,EU/Brexit,Pensions
E14000816,Mid Norfolk,Con,UKIP,77154,George Freeman,EU/Brexit,Healthcare/NHS,Racism
E14000817,Mid Sussex,Con,Lab,81034,Nicholas Soames,Racism,Pensions,Healthcare/NHS
E14000818,Mid Worcestershire,Con,UKIP,73069,Nigel Huddleston,Pensions,EU/Brexit,Healthcare/NHS
E14000819,Middlesbrough,Lab,UKIP,61873,Andy McDonald,Healthcare/NHS,Pensions,EU/Brexit
E14000820,Middlesbrough South and East Cleveland,Lab,Con,71154,Tom Blenkinsop,Healthcare/NHS,EU/Brexit,Pensions
E14000821,Milton Keynes North,Con,Lab,86826,Mark Lancaster,Healthcare/NHS,Religion,EU/Brexit
E14000822,Milton Keynes South,Con,Lab,89656,Iain Stewart,Healthcare/NHS,EU/Brexit,Economy and growth
E14000823,Mitcham and Morden,Lab,Con,68474,Siobhain McDonagh,Healthcare/NHS,EU/Brexit,Religion
E14000824,Mole Valley,Con,LD,74038,Paul Beresford,Healthcare/NHS,EU/Brexit,Pensions
E14000825,Morecambe and Lunesdale,Con,Lab,66985,David Morris,Healthcare/NHS,EU/Brexit,Pensions
E14000826,Morley and Outwood,Con,Lab,75820,Andrea Jenkyns,Healthcare/NHS,Refugees/immigration,Environment/Climate change
E14000827,New Forest East,Con,UKIP,72697,Julian Lewis,Religion,EU/Brexit,Healthcare/NHS
E14000828,New Forest West,Con,UKIP,68446,Desmond Swayne,Pensions,Pensions,Religion
E14000829,Newark,Con,Lab,73747,Robert Jenrick,EU/Brexit,Healthcare/NHS,Pensions
E14000830,Newbury,Con,LD,79512,Richard Benyon,Healthcare/NHS,EU/Brexit,Religion
E14000831,Newcastle upon Tyne Central,Lab,Con,58147,Chi Onwurah,Healthcare/NHS,EU/Brexit,Pensions
E14000832,Newcastle upon Tyne East,Lab,Con,64243,Nick Brown,Healthcare/NHS,EU/Brexit,Pensions
E14000833,Newcastle upon Tyne North,Lab,Con,67902,Catherine McKinnell,Pensions,Healthcare/NHS,EU/Brexit
E14000834,Newcastle-under-Lyme,Lab,Con,67619,Paul Farrelly,Healthcare/NHS,Environment/Climate change,EU/Brexit
E14000835,Newton Abbot,Con,LD,69928,Anne Marie Morris,Healthcare/NHS,EU/Brexit,Pensions
E14000836,"Normanton, Pontefract and Castleford",Lab,UKIP,82592,Yvette Cooper,Terrorism,EU/Brexit,Healthcare/NHS
E14000837,North Cornwall,Con,LD,67192,Scott Mann,Pensions,Healthcare/NHS,Religion
E14000838,North Devon,Con,LD,74737,Peter Heaton-Jones,Pensions,Religion,Healthcare/NHS
E14000839,North Dorset,Con,UKIP,73759,Simon Hoare,EU/Brexit,Healthcare/NHS,Religion
E14000840,North Durham,Lab,Con,65359,Kevan Jones,Religion,Healthcare/NHS,EU/Brexit
E14000841,North East Bedfordshire,Con,Lab,83551,Alistair Burt,Healthcare/NHS,EU/Brexit,Pensions
E14000842,North East Cambridgeshire,Con,UKIP,82990,Stephen Barclay,Healthcare/NHS,Elderly,Racism
E14000843,North East Derbyshire,Lab,Con,71445,Natascha Engel,Pensions,Healthcare/NHS,EU/Brexit
E14000844,North East Hampshire,Con,LD,76918,Ranil Jayawardena,Healthcare/NHS,Pensions,Environment/Climate change
E14000845,North East Hertfordshire,Con,Lab,74000,Oliver Heald,Healthcare/NHS,Pensions,EU/Brexit
E14000846,North East Somerset,Con,Lab,69380,Jacob Rees-Mogg,Healthcare/NHS,EU/Brexit,Pensions
E14000847,North Herefordshire,Con,UKIP,67926,Bill Wiggin,Healthcare/NHS,Religion,Pensions
E14000848,North Norfolk,LD,Con,68867,Norman Lamb,Pensions,Healthcare/NHS,EU/Brexit
E14000849,North Shropshire,Con,Lab,78858,Owen Paterson,Healthcare/NHS,EU/Brexit,Pensions
E14000850,North Somerset,Con,Lab,80161,Liam Fox,Healthcare/NHS,Environment/Climate change,Religion
E14000851,North Swindon,Con,Lab,80983,Justin Tomlinson,Refugees/immigration,Healthcare/NHS,EU/Brexit
E14000852,North Thanet,Con,UKIP,71478,Roger Gale,Healthcare/NHS,EU/Brexit,Economy and growth
E14000853,North Tyneside,Lab,Con,79300,Mary Glindon,Pensions,EU/Brexit,Healthcare/NHS
E14000854,North Warwickshire,Con,Lab,70152,Craig Tracey,EU/Brexit,Pensions,Refugees/immigration
E14000855,North West Cambridgeshire,Con,UKIP,90318,Shailesh Vara,Healthcare/NHS,EU/Brexit,Religion
E14000856,North West Durham,Lab,Con,69816,Pat Glass,Healthcare/NHS,Pensions,EU/Brexit
E14000857,North West Hampshire,Con,UKIP,79223,Kit Malthouse,Terrorism,Terrorism,Healthcare/NHS
E14000858,North West Leicestershire,Con,Lab,72193,Andrew Bridgen,Healthcare/NHS,EU/Brexit,Economy and growth
E14000859,North West Norfolk,Con,Lab,74402,Henry Bellingham,Pensions,Religion,Refugees/immigration
E14000860,North Wiltshire,Con,LD,67851,James Gray,EU/Brexit,Healthcare/NHS,Religion
E14000861,Northampton North,Con,Lab,59144,Michael Ellis,Healthcare/NHS,EU/Brexit,Religion
E14000862,Northampton South,Con,Lab,61287,David Mackintosh,Healthcare/NHS,EU/Brexit,Religion
E14000863,Norwich North,Con,Lab,64515,Chloe Smith,Healthcare/NHS,EU/Brexit,Pensions
E14000864,Norwich South,Lab,Con,74875,Clive Lewis,Healthcare/NHS,EU/Brexit,Pensions
E14000865,Nottingham East,Lab,Con,60464,Chris Leslie,Healthcare/NHS,EU/Brexit,Pensions
E14000866,Nottingham North,Lab,Con,65918,Graham Allen,Healthcare/NHS,EU/Brexit,Pensions
E14000867,Nottingham South,Lab,Con,68987,Lilian Greenwood,Healthcare/NHS,EU/Brexit,Pensions
E14000868,Nuneaton,Con,Lab,68037,Marcus Jones,Religion,Healthcare/NHS,Religion
E14000869,Old Bexley and Sidcup,Con,Lab,66035,James Brokenshire,EU/Brexit,Pensions,Healthcare/NHS
E14000870,Oldham East and Saddleworth,Lab,Con,71475,Debbie Abrahams,Healthcare/NHS,Terrorism,EU/Brexit
E14000871,Oldham West and Royton,Lab,UKIP,71652,Jim McMahon,Healthcare/NHS,Religion,EU/Brexit
E14000872,Orpington,Con,UKIP,68129,Jo Johnson,Healthcare/NHS,Religion,EU/Brexit
E14000873,Oxford East,Lab,Con,78978,Andrew Smith,Healthcare/NHS,EU/Brexit,Religion
E14000874,Oxford West and Abingdon,Con,LD,76174,Nicola Blackwood,EU/Brexit,Healthcare/NHS,Refugees/immigration
E14000875,Pendle,Con,Lab,64573,Andrew Stephenson,Healthcare/NHS,Religion,EU/Brexit
E14000876,Penistone and Stocksbridge,Lab,Con,70817,Angela Smith,Healthcare/NHS,Religion,EU/Brexit
E14000877,Penrith and The Border,Con,Lab,65209,Rory Stewart,EU/Brexit,Pensions,Healthcare/NHS
E14000878,Peterborough,Con,Lab,72530,Stewart Jackson,Healthcare/NHS,Religion,Refugees/immigration
E14000879,"Plymouth, Moor View",Con,Lab,68246,Johnny Mercer,Healthcare/NHS,Pensions,EU/Brexit
E14000880,"Plymouth, Sutton and Devonport",Con,Lab,73274,Oliver Colvile,Healthcare/NHS,Pensions,EU/Brexit
E14000881,Poole,Con,UKIP,72557,Robert Syms,Healthcare/NHS,EU/Brexit,Pensions
E14000882,Poplar and Limehouse,Lab,Con,82081,Jim Fitzpatrick,Healthcare/NHS,EU/Brexit,Religion
E14000883,Portsmouth North,Con,Lab,73105,Penny Mordaunt,Healthcare/NHS,EU/Brexit,Religion
E14000884,Portsmouth South,Con,LD,71639,Flick Drummond,Healthcare/NHS,Pensions,EU/Brexit
E14000885,Preston,Lab,Con,59981,Mark Hendrick,Monetary policy,Healthcare/NHS,Pensions
E14000886,Pudsey,Con,Lab,70533,Stuart Andrew,EU/Brexit,Healthcare/NHS,Religion
E14000887,Putney,Con,Lab,63923,Justine Greening,Healthcare/NHS,EU/Brexit,Pensions
E14000888,Rayleigh and Wickford,Con,UKIP,77174,Mark Francois,EU/Brexit,Pensions,Healthcare/NHS
E14000889,Reading East,Con,Lab,73232,Rob Wilson,Healthcare/NHS,Pensions,EU/Brexit
E14000890,Reading West,Con,Lab,72567,Alok Sharma,Healthcare/NHS,Religion,Pensions
E14000891,Redcar,Lab,LD,64826,Anna Turley,Healthcare/NHS,EU/Brexit,Pensions
E14000892,Redditch,Con,Lab,65531,Karen Lumley,EU/Brexit,Healthcare/NHS,Religion
E14000893,Reigate,Con,UKIP,73429,Crispin Blunt,Healthcare/NHS,EU/Brexit,Pensions
E14000894,Ribble Valley,Con,Lab,77379,Nigel Evans,Healthcare/NHS,Pensions,EU/Brexit
E14000895,Richmond (Yorks),Con,UKIP,79062,Rishi Sunak,Healthcare/NHS,Racism,EU/Brexit
E14000896,Richmond Park,Con,LD,77303,Sarah Olney,Healthcare/NHS,Religion,EU/Brexit
E14000897,Rochdale,Lab,UKIP,77248,Simon Danczuk,EU/Brexit,Healthcare/NHS,Pensions
E14000898,Rochester and Strood,Con,UKIP,77119,Kelly Tolhurst,Foreign policy,Healthcare/NHS,EU/Brexit
E14000899,Rochford and Southend East,Con,Lab,71935,James Duddridge,Healthcare/NHS,EU/Brexit,Pensions
E14000900,Romford,Con,UKIP,72594,Andrew Rosindell,Healthcare/NHS,Religion,Pensions
E14000901,Romsey and Southampton North,Con,LD,66519,Caroline Nokes,Healthcare/NHS,EU/Brexit,Pensions
E14000902,Rossendale and Darwen,Con,Lab,73779,Jake Berry,Religion,Healthcare/NHS,EU/Brexit
E14000903,Rother Valley,Lab,UKIP,74275,Kevin Barron,Healthcare/NHS,Pensions,EU/Brexit
E14000904,Rotherham,Lab,UKIP,63698,Sarah Champion,Healthcare/NHS,EU/Brexit,Pensions
E14000905,Rugby,Con,Lab,71655,Mark Pawsey,Healthcare/NHS,EU/Brexit,Pensions
E14000906,"Ruislip, Northwood and Pinner",Con,Lab,73216,Nick Hurd,Healthcare/NHS,EU/Brexit,Pensions
E14000907,Runnymede and Weybridge,Con,Lab,73771,Philip Hammond,Religion,Healthcare/NHS,Terrorism
E14000908,Rushcliffe,Con,Lab,73278,Kenneth Clarke,Healthcare/NHS,EU/Brexit,Pensions
E14000909,Rutland and Melton,Con,UKIP,79693,Alan Duncan,Healthcare/NHS,Pensions,EU/Brexit
E14000910,Saffron Walden,Con,UKIP,80615,Alan Haselhurst,Healthcare/NHS,EU/Brexit,Environment/Climate change
E14000911,Salford and Eccles,Lab,Con,74291,Rebecca Long-Bailey,EU/Brexit,Healthcare/NHS,Pensions
E14000912,Salisbury,Con,Lab,69582,John Glen,Healthcare/NHS,EU/Brexit,Religion
E14000913,Scarborough and Whitby,Con,Lab,73511,Robert Goodwill,Pensions,EU/Brexit,TPP
E14000914,Scunthorpe,Lab,Con,64025,Nicholas Dakin,Healthcare/NHS,EU/Brexit,Pensions
E14000915,Sedgefield,Lab,Con,62844,Phil Wilson,EU/Brexit,Healthcare/NHS,Religion
E14000916,Sefton Central,Lab,Con,67744,Bill Esterson,Healthcare/NHS,Unemployment,Pensions
E14000917,Selby and Ainsty,Con,Lab,76082,Nigel Adams,Pensions,Healthcare/NHS,EU/Brexit
E14000918,Sevenoaks,Con,UKIP,71958,Michael Fallon,EU/Brexit,Healthcare/NHS,Religion
E14000919,Sheffield Central,Lab,Green,72321,Paul Blomfield,Healthcare/NHS,EU/Brexit,Religion
E14000920,Sheffield South East,Lab,UKIP,70422,Clive Betts,Pensions,Racism,Healthcare/NHS
E14000921,"Sheffield, Brightside and Hillsborough",Lab,UKIP,70874,Gill Furniss,Healthcare/NHS,EU/Brexit,Religion
E14000922,"Sheffield, Hallam",LD,Lab,72351,Nick Clegg,Healthcare/NHS,EU/Brexit,Religion
E14000923,"Sheffield, Heeley",Lab,UKIP,67950,Louise Haigh,Healthcare/NHS,EU/Brexit,Religion
E14000924,Sherwood,Con,Lab,73349,Mark Spencer,Healthcare/NHS,EU/Brexit,Pensions
E14000925,Shipley,Con,Lab,70464,Philip Davies,Environment/Climate change,Healthcare/NHS,EU/Brexit
E14000926,Shrewsbury and Atcham,Con,Lab,76400,Daniel Kawczynski,Healthcare/NHS,EU/Brexit,Religion
E14000927,Sittingbourne and Sheppey,Con,UKIP,76018,Gordon Henderson,Healthcare/NHS,Pensions,EU/Brexit
E14000928,Skipton and Ripon,Con,Lab,76645,Julian Smith,EU/Brexit,Healthcare/NHS,Racism
E14000929,Sleaford and North Hykeham,Con,Lab,87972,Caroline Johnson,Healthcare/NHS,Pensions,EU/Brexit
E14000930,Slough,Lab,Con,86366,Fiona Mactaggart,Healthcare/NHS,Pensions,EU/Brexit
E14000931,Solihull,Con,LD,77956,Julian Knight,Healthcare/NHS,Religion,Pensions
E14000932,Somerton and Frome,Con,LD,83281,David Warburton,Healthcare/NHS,EU/Brexit,Pensions
E14000933,South Basildon and East Thurrock,Con,UKIP,71155,Stephen Metcalfe,Healthcare/NHS,Environment/Climate change,EU/Brexit
E14000934,South Cambridgeshire,Con,Lab,84132,Heidi Allen,EU/Brexit,Healthcare/NHS,Pensions
E14000935,South Derbyshire,Con,Lab,73923,Heather Wheeler,Religion,Healthcare/NHS,Refugees/immigration
E14000936,South Dorset,Con,Lab,71534,Richard Drax,Pensions,Pensions,EU/Brexit
E14000937,South East Cambridgeshire,Con,LD,84570,Lucy Frazer,Healthcare/NHS,Unemployment,Terrorism
E14000938,South East Cornwall,Con,LD,71071,Sheryll Murray,Healthcare/NHS,Racism,EU/Brexit
E14000939,South Holland and The Deepings,Con,UKIP,76460,John Hayes,Healthcare/NHS,Economy and growth,Religion
E14000940,South Leicestershire,Con,Lab,76851,Alberto Costa,Terrorism,EU/Brexit,Religion
E14000941,South Norfolk,Con,Lab,80721,Richard Bacon,Healthcare/NHS,Pensions,Racism
E14000942,South Northamptonshire,Con,Lab,85781,Andrea Leadsom,Pensions,Healthcare/NHS,Religion
E14000943,South Ribble,Con,Lab,76489,Seema Kennedy,Racism,Pensions,Healthcare/NHS
E14000944,South Shields,Lab,UKIP,62730,Emma Lewell-Buck,Healthcare/NHS,Terrorism,Pensions
E14000945,South Staffordshire,Con,Lab,72771,Gavin Williamson,Healthcare/NHS,Pensions,EU/Brexit
E14000946,South Suffolk,Con,Lab,73836,James Cartlidge,Pensions,Religion,Healthcare/NHS
E14000947,South Swindon,Con,Lab,73926,Robert Buckland,Pensions,Healthcare/NHS,EU/Brexit
E14000948,South Thanet,Con,UKIP,70970,Craig Mackinlay,Healthcare/NHS,EU/Brexit,Pensions
E14000949,South West Bedfordshire,Con,Lab,79285,Andrew Selous,Healthcare/NHS,Pensions,EU/Brexit
E14000950,South West Devon,Con,Lab,71035,Gary Streeter,Healthcare/NHS,EU/Brexit,Pensions
E14000951,South West Hertfordshire,Con,Lab,79668,David Gauke,Pensions,Healthcare/NHS,EU/Brexit
E14000952,South West Norfolk,Con,UKIP,76970,Elizabeth Truss,EU/Brexit,Healthcare/NHS,TPP
E14000953,South West Surrey,Con,UKIP,77548,Jeremy Hunt,Pensions,EU/Brexit,Healthcare/NHS
E14000954,South West Wiltshire,Con,UKIP,73018,Andrew Murrison,EU/Brexit,Healthcare/NHS,Pensions
E14000955,"Southampton, Itchen",Con,Lab,72281,Royston Smith,Healthcare/NHS,EU/Brexit,Pensions
E14000956,"Southampton, Test",Lab,Con,70270,Alan Whitehead,Healthcare/NHS,EU/Brexit,Pensions
E14000957,Southend West,Con,Lab,66876,David Amess,Healthcare/NHS,EU/Brexit,Pensions
E14000958,Southport,LD,Con,67326,John Pugh,Racism,Healthcare/NHS,EU/Brexit
E14000959,Spelthorne,Con,UKIP,71592,Kwasi Kwarteng,Pensions,Healthcare/NHS,Terrorism
E14000960,St Albans,Con,Lab,75825,Anne Main,Healthcare/NHS,Pensions,EU/Brexit
E14000961,St Austell and Newquay,Con,LD,76607,Steve Double,EU/Brexit,Terrorism,Healthcare/NHS
E14000962,St Helens North,Lab,Con,75262,Conor McGinn,Racism,Healthcare/NHS,Pensions
E14000963,St Helens South and Whiston,Lab,Con,77720,Marie Rimmer,Healthcare/NHS,EU/Brexit,Pensions
E14000964,St Ives,Con,LD,65570,Derek Thomas,Healthcare/NHS,Pensions,Religion
E14000965,Stafford,Con,Lab,68705,Jeremy Lefroy,Pensions,Healthcare/NHS,Refugees/immigration
E14000966,Staffordshire Moorlands,Con,Lab,63104,Karen Bradley,Refugees/immigration,Pensions,Healthcare/NHS
E14000967,Stalybridge and Hyde,Lab,Con,71357,Jonathan Reynolds,Healthcare/NHS,Pensions,Religion
E14000968,Stevenage,Con,Lab,70597,Stephen McPartland,EU/Brexit,Healthcare/NHS,Pensions
E14000969,Stockport,Lab,Con,63931,Ann Coffey,Healthcare/NHS,Religion,Pensions
E14000970,Stockton North,Lab,Con,66126,Alex Cunningham,Healthcare/NHS,Racism,EU/Brexit
E14000971,Stockton South,Con,Lab,75111,James Wharton,EU/Brexit,Pensions,Healthcare/NHS
E14000972,Stoke-on-Trent Central,Lab,UKIP,60634,Gareth Snell,Healthcare/NHS,Pensions,EU/Brexit
E14000973,Stoke-on-Trent North,Lab,Con,71438,Ruth Smeeth,Healthcare/NHS,EU/Brexit,Pensions
E14000974,Stoke-on-Trent South,Lab,Con,68091,Rob Flello,Healthcare/NHS,Pensions,EU/Brexit
E14000975,Stone,Con,Lab,67339,Bill Cash,Healthcare/NHS,Pensions,EU/Brexit
E14000976,Stourbridge,Con,Lab,69077,Margot James,Healthcare/NHS,Pensions,EU/Brexit
E14000977,Stratford-on-Avon,Con,UKIP,71304,Nadhim Zahawi,Healthcare/NHS,EU/Brexit,Pensions
E14000978,Streatham,Lab,Con,79137,Chuka Umunna,Healthcare/NHS,EU/Brexit,Religion
E14000979,Stretford and Urmston,Lab,Con,69026,Kate Green,Healthcare/NHS,Pensions,Religion
E14000980,Stroud,Con,Lab,80544,Neil Carmichael,Healthcare/NHS,Religion,EU/Brexit
E14000981,Suffolk Coastal,Con,Lab,77816,Therese Coffey,Healthcare/NHS,EU/Brexit,Pensions
E14000982,Sunderland Central,Lab,Con,72950,Julie Elliott,Healthcare/NHS,Pensions,EU/Brexit
E14000983,Surrey Heath,Con,UKIP,79515,Michael Gove,EU/Brexit,Healthcare/NHS,Terrorism
E14000984,Sutton and Cheam,Con,LD,69228,Paul Scully,Healthcare/NHS,EU/Brexit,Pensions
E14000985,Sutton Coldfield,Con,Lab,74956,Andrew Mitchell,Pensions,EU/Brexit,Healthcare/NHS
E14000986,Tamworth,Con,Lab,71913,Christopher Pincher,EU/Brexit,Healthcare/NHS,Pensions
E14000987,Tatton,Con,Lab,65004,George Osborne,Healthcare/NHS,EU/Brexit,Pensions
E14000988,Taunton Deane,Con,LD,83221,Rebecca Pow,Healthcare/NHS,Refugees/immigration,EU/Brexit
E14000989,Telford,Con,Lab,66166,Lucy Allan,Pensions,Healthcare/NHS,EU/Brexit
E14000990,Tewkesbury,Con,Lab,78910,Laurence Robertson,Healthcare/NHS,Pensions,Religion
E14000991,The Cotswolds,Con,LD,78290,Geoffrey Clifton-Brown,EU/Brexit,Healthcare/NHS,Refugees/immigration
E14000992,The Wrekin,Con,Lab,65942,Mark Pritchard,Healthcare/NHS,Religion,Environment/Climate change
E14000993,Thirsk and Malton,Con,Lab,77451,Kevin Hollinrake,Healthcare/NHS,EU/Brexit,Pensions
E14000994,Thornbury and Yate,Con,LD,66066,Luke Hall,EU/Brexit,Healthcare/NHS,Environment/Climate change
E14000995,Thurrock,Con,Lab,77559,Jackie Doyle-Price,Healthcare/NHS,EU/Brexit,Pensions
E14000996,Tiverton and Honiton,Con,UKIP,76270,Neil Parish,EU/Brexit,Healthcare/NHS,Terrorism
E14000997,Tonbridge and Malling,Con,UKIP,74877,Thomas Tugendhat,Pensions,Healthcare/NHS,EU/Brexit
E14000998,Tooting,Lab,Con,76782,Rosena Allin-Khan,Healthcare/NHS,EU/Brexit,Religion
E14000999,Torbay,Con,LD,76350,Kevin Foster,Healthcare/NHS,Pensions,EU/Brexit
E14001000,Torridge and West Devon,Con,UKIP,78621,Geoffrey Cox,Healthcare/NHS,EU/Brexit,Pensions
E14001001,Totnes,Con,UKIP,68630,Sarah Wollaston,Healthcare/NHS,EU/Brexit,Religion
E14001002,Tottenham,Lab,Con,70803,David Lammy,Healthcare/NHS,EU/Brexit,Pensions
E14001003,Truro and Falmouth,Con,LD,73601,Sarah Newton,EU/Brexit,Healthcare/NHS,Terrorism
E14001004,Tunbridge Wells,Con,Lab,73429,Greg Clark,Healthcare/NHS,Religion,Economy and growth
E14001005,Twickenham,Con,LD,80250,Tania Mathias,Religion,Healthcare/NHS,EU/Brexit
E14001006,Tynemouth,Lab,Con,77524,Alan Campbell,Healthcare/NHS,Religion,EU/Brexit
E14001007,Uxbridge and South Ruislip,Con,Lab,70631,Boris Johnson,Healthcare/NHS,EU/Brexit,Religion
E14001008,Vauxhall,Lab,Con,82231,Kate Hoey,Healthcare/NHS,EU/Brexit,Religion
E14001009,Wakefield,Lab,Con,70521,Mary Creagh,Healthcare/NHS,Religion,EU/Brexit
E14001010,Wallasey,Lab,Con,65495,Angela Eagle,EU/Brexit,Healthcare/NHS,Pensions
E14001011,Walsall North,Lab,Con,67080,David Winnick,Healthcare/NHS,Pensions,EU/Brexit
E14001012,Walsall South,Lab,Con,67743,Valerie Vaz,Healthcare/NHS,Religion,Pensions
E14001013,Walthamstow,Lab,Con,67015,Stella Creasy,Healthcare/NHS,EU/Brexit,Religion
E14001014,Wansbeck,Lab,Con,60705,Ian Lavery,Healthcare/NHS,Refugees/immigration,EU/Brexit
E14001015,Wantage,Con,Lab,82931,Ed Vaizey,Refugees/immigration,Healthcare/NHS,Economy and growth
E14001016,Warley,Lab,Con,63738,John Spellar,Healthcare/NHS,EU/Brexit,Pensions
E14001017,Warrington North,Lab,Con,72104,Helen Jones,Healthcare/NHS,Terrorism,Pensions
E14001018,Warrington South,Con,Lab,84767,David Mowat,Pensions,Government budget,Healthcare/NHS
E14001019,Warwick and Leamington,Con,Lab,71578,Chris White,Pensions,Healthcare/NHS,EU/Brexit
E14001020,Washington and Sunderland West,Lab,UKIP,68190,Sharon Hodgson,Healthcare/NHS,Pensions,EU/Brexit
E14001021,Watford,Con,Lab,83535,Richard Harrington,Healthcare/NHS,EU/Brexit,Terrorism
E14001022,Waveney,Con,Lab,80166,Peter Aldous,Healthcare/NHS,EU/Brexit,Terrorism
E14001023,Wealden,Con,UKIP,80236,Nusrat Ghani,Healthcare/NHS,EU/Brexit,Economy and growth
E14001024,Weaver Vale,Con,Lab,68407,Graham Evans,Religion,EU/Brexit,Healthcare/NHS
E14001025,Wellingborough,Con,UKIP,74317,Peter Bone,Terrorism,Healthcare/NHS,Refugees/immigration
E14001026,Wells,Con,LD,79405,James Heappey,Healthcare/NHS,EU/Brexit,Pensions
E14001027,Welwyn Hatfield,Con,Lab,73247,Grant Shapps,Religion,Healthcare/NHS,EU/Brexit
E14001028,Wentworth and Dearne,Lab,UKIP,74283,John Healey,Pensions,Healthcare/NHS,EU/Brexit
E14001029,West Bromwich East,Lab,Con,63637,Tom Watson,Healthcare/NHS,Religion,Pensions
E14001030,West Bromwich West,Lab,UKIP,65524,Adrian Bailey,Pensions,Religion,Healthcare/NHS
E14001031,West Dorset,Con,LD,78000,Oliver Letwin,Healthcare/NHS,EU/Brexit,Pensions
E14001032,West Ham,Lab,Con,90640,Lyn Brown,Religion,Healthcare/NHS,EU/Brexit
E14001033,West Lancashire,Lab,Con,70906,Rosie Cooper,Healthcare/NHS,EU/Brexit,Pensions
E14001034,West Suffolk,Con,UKIP,76198,Matthew Hancock,Pensions,Religion,Healthcare/NHS
E14001035,West Worcestershire,Con,UKIP,73394,Harriett Baldwin,Healthcare/NHS,Pensions,Economy and growth
E14001036,Westminster North,Lab,Con,62346,Karen Buck,Healthcare/NHS,EU/Brexit,Religion
E14001037,Westmorland and Lonsdale,LD,Con,65857,Tim Farron,Healthcare/NHS,EU/Brexit,Pensions
E14001038,Weston-Super-Mare,Con,Lab,80309,John Penrose,Environment/Climate change,Healthcare/NHS,EU/Brexit
E14001039,Wigan,Lab,Con,75990,Lisa Nandy,Healthcare/NHS,Terrorism,Economy and growth
E14001040,Wimbledon,Con,Lab,65853,Stephen Hammond,Healthcare/NHS,EU/Brexit,Religion
E14001041,Winchester,Con,LD,74119,Steve Brine,Healthcare/NHS,Environment/Climate change,Religion
E14001042,Windsor,Con,Lab,71538,Adam Afriyie,EU/Brexit,Pensions,Religion
E14001043,Wirral South,Lab,Con,56956,Alison McGovern,Healthcare/NHS,EU/Brexit,Pensions
E14001044,Wirral West,Lab,Con,55377,Margaret Greenwood,Environment/Climate change,Healthcare/NHS,EU/Brexit
E14001045,Witham,Con,UKIP,67090,Priti Patel,Healthcare/NHS,Religion,EU/Brexit
E14001046,Witney,Con,Lab,79767,Robert Courts,Healthcare/NHS,EU/Brexit,Pensions
E14001047,Woking,Con,Lab,74269,Jonathan Lord,Healthcare/NHS,EU/Brexit,Pensions
E14001048,Wokingham,Con,Lab,77881,John Redwood,EU/Brexit,Religion,Healthcare/NHS
E14001049,Wolverhampton North East,Lab,Con,61065,Emma Reynolds,Healthcare/NHS,Pensions,Religion
E14001050,Wolverhampton South East,Lab,Con,62556,Pat McFadden,Healthcare/NHS,Pensions,Religion
E14001051,Wolverhampton South West,Lab,Con,60368,Rob Marris,Healthcare/NHS,Pensions,Religion
E14001052,Worcester,Con,Lab,72461,Robin Walker,EU/Brexit,Healthcare/NHS,Refugees/immigration
E14001053,Workington,Lab,Con,58615,Sue Hayman,EU/Brexit,EU/Brexit,Pensions
E14001054,Worsley and Eccles South,Lab,Con,72177,Barbara Keeley,Healthcare/NHS,EU/Brexit,Pensions
E14001055,Worthing West,Con,UKIP,75617,Peter Bottomley,Healthcare/NHS,Refugees/immigration,Pensions
E14001056,Wycombe,Con,Lab,76371,Steven Baker,Healthcare/NHS,EU/Brexit,Religion
E14001057,Wyre and Preston North,Con,Lab,70637,Ben Wallace,Pensions,Pensions,EU/Brexit
E14001058,Wyre Forest,Con,Lab,77407,Mark Garnier,EU/Brexit,Healthcare/NHS,Pensions
E14001059,Wythenshawe and Sale East,Lab,Con,75994,Mike Kane,Healthcare/NHS,Pensions,EU/Brexit
E14001060,Yeovil,Con,LD,82447,Marcus Fysh,Healthcare/NHS,Economy and growth,Religion
E14001061,York Central,Lab,Con,75351,Rachael Maskell,Healthcare/NHS,Pensions,EU/Brexit
E14001062,York Outer,Con,Lab,78561,Julian Sturdy,Healthcare/NHS,Pensions,EU/Brexit
N06000001,Belfast East,DUP,Alliance,63157,Gavin Robinson,Healthcare/NHS,Religion,EU/Brexit
N06000002,Belfast North,DUP,SF,68553,Nigel Dodds,Healthcare/NHS,Religion,EU/Brexit
N06000003,Belfast South,SDLP,DUP,64927,Alasdair McDonnell,Healthcare/NHS,EU/Brexit,Pensions
N06000004,Belfast West,SF,PBPA,62697,Paul Maskey,Healthcare/NHS,Religion,EU/Brexit
N06000005,East Antrim,DUP,UUP,62811,Sammy Wilson,Unemployment,Healthcare/NHS,Pensions
N06000006,East Londonderry,DUP,SF,66926,Gregory Campbell,Healthcare/NHS,Religion,EU/Brexit
N06000007,Fermanagh and South Tyrone,UUP,SF,70108,Tom Elliott,Healthcare/NHS,Religion,EU/Brexit
N06000008,Foyle,SDLP,SF,70036,Mark Durkan,Pensions,Healthcare/NHS,EU/Brexit
N06000009,Lagan Valley,DUP,UUP,71152,Jeffrey M. Donaldson,Healthcare/NHS,Religion,EU/Brexit
N06000010,Mid Ulster,SF,UUP,67832,Francie Molloy,Pensions,EU/Brexit,Healthcare/NHS
N06000011,Newry and Armagh,SF,UUP,77633,Mickey Brady,Healthcare/NHS,Pensions,Environment/Climate change
N06000012,North Antrim,DUP,TUV,75876,Ian Paisley Jnr,Pensions,Healthcare/NHS,Economy and growth
N06000013,North Down,Ind,DUP,64207,Sylvia Hermon,Pensions,Healthcare/NHS,Religion
N06000014,South Antrim,UUP,DUP,67425,Danny Kinahan,Healthcare/NHS,Religion,EU/Brexit
N06000015,South Down,SDLP,SF,75220,Margaret Ritchie,Healthcare/NHS,EU/Brexit,Pensions
N06000016,Strangford,DUP,UUP,64289,Jim Shannon,Pensions,Religion,Healthcare/NHS
N06000017,Upper Bann,DUP,UUP,80060,David Simpson,Healthcare/NHS,Economy and growth,EU/Brexit
N06000018,West Tyrone,SF,DUP,63856,Pat Doherty,Pensions,EU/Brexit,Healthcare/NHS
S14000001,Aberdeen North,SNP,Lab,67745,Kirsty Blackman,Healthcare/NHS,EU/Brexit,Pensions
S14000002,Aberdeen South,SNP,Lab,68056,Callum McCaig,Healthcare/NHS,EU/Brexit,Pensions
S14000003,Airdrie and Shotts,SNP,Lab,66792,Neil Gray,Pensions,Healthcare/NHS,EU/Brexit
S14000004,Angus,SNP,Con,65792,Michael Weir,Pensions,Healthcare/NHS,EU/Brexit
S14000005,Argyll and Bute,SNP,LD,68875,Brendan O'Hara,Healthcare/NHS,Terrorism,Refugees/immigration
S14000006,"Ayr, Carrick and Cumnock",SNP,Lab,72995,Corri Wilson,Healthcare/NHS,Pensions,Refugees/immigration
S14000007,Banff and Buchan,SNP,Con,68609,Eilidh Whiteford,EU/Brexit,Healthcare/NHS,Religion
S14000008,"Berwickshire, Roxburgh and Selkirk",SNP,Con,74214,Calum Kerr,Pensions,Healthcare/NHS,Refugees/immigration
S14000009,"Caithness, Sutherland and Easter Ross",SNP,LD,47558,Paul Monaghan,EU/Brexit,Refugees/immigration,Healthcare/NHS
S14000010,Central Ayrshire,SNP,Lab,70021,Philippa Whitford,Refugees/immigration,Pensions,EU/Brexit
S14000011,"Coatbridge, Chryston and Bellshill",SNP,Lab,73894,Phil Boswell,Healthcare/NHS,Pensions,TPP
S14000012,"Cumbernauld, Kilsyth and Kirkintilloch East",SNP,Lab,67088,Stuart McDonald,EU/Brexit,Refugees/immigration,Healthcare/NHS
S14000013,Dumfries and Galloway,SNP,Con,75249,Richard Arkless,EU/Brexit,Healthcare/NHS,Pensions
S14000014,"Dumfriesshire, Clydesdale and Tweeddale",Con,SNP,68483,David Mundell,Healthcare/NHS,Pensions,Religion
S14000015,Dundee East,SNP,Lab,67822,Stewart Hosie,EU/Brexit,Religion,Healthcare/NHS
S14000016,Dundee West,SNP,Lab,65927,Chris Law,EU/Brexit,Pensions,Healthcare/NHS
S14000017,Dunfermline and West Fife,SNP,Lab,78037,Douglas Chapman,Pensions,EU/Brexit,Healthcare/NHS
S14000018,East Dunbartonshire,SNP,LD,66966,John Nicolson,Healthcare/NHS,Religion,EU/Brexit
S14000019,"East Kilbride, Strathaven and Lesmahagow",SNP,Lab,83205,Lisa Cameron,Healthcare/NHS,EU/Brexit,Pensions
S14000020,East Lothian,SNP,Lab,79481,George Kerevan,Healthcare/NHS,Pensions,EU/Brexit
S14000021,East Renfrewshire,SNP,Lab,69982,Kirsten Oswald,Healthcare/NHS,Pensions,Racism
S14000022,Edinburgh East,SNP,Lab,67141,Tommy Sheppard,Healthcare/NHS,EU/Brexit,Pensions
S14000023,Edinburgh North and Leith,SNP,Lab,80910,Deidre Brock,Healthcare/NHS,EU/Brexit,Pensions
S14000024,Edinburgh South,Lab,SNP,65801,Ian Murray,EU/Brexit,Pensions,Healthcare/NHS
S14000025,Edinburgh South West,SNP,Lab,72149,Joanna Cherry,EU/Brexit,Healthcare/NHS,Pensions
S14000026,Edinburgh West,SNP,LD,71717,Michelle Thomson,Pensions,Refugees/immigration,Healthcare/NHS
S14000027,Na h-Eileanan an Iar,SNP,Lab,21769,Angus MacNeil,EU/Brexit,Healthcare/NHS,Pensions
S14000028,Falkirk,SNP,Lab,83380,John McNally,Healthcare/NHS,EU/Brexit,Criminal justice
S14000029,Glasgow Central,SNP,Lab,70945,Alison Thewliss,Healthcare/NHS,EU/Brexit,Pensions
S14000030,Glasgow East,SNP,Lab,70378,Natalie McGarry,Environment/Climate change,Pensions,Healthcare/NHS
S14000031,Glasgow North,SNP,Lab,60169,Patrick Grady,Healthcare/NHS,EU/Brexit,Pensions
S14000032,Glasgow North East,SNP,Lab,66678,Anne McLaughlin,Healthcare/NHS,Pensions,EU/Brexit
S14000033,Glasgow North West,SNP,Lab,68418,Carol Monaghan,EU/Brexit,Pensions,Healthcare/NHS
S14000034,Glasgow South,SNP,Lab,74051,Stewart McDonald,Healthcare/NHS,Pensions,EU/Brexit
S14000035,Glasgow South West,SNP,Lab,66209,Chris Stephens,EU/Brexit,Healthcare/NHS,Pensions
S14000036,Glenrothes,SNP,Lab,69781,Peter Grant,Healthcare/NHS,Pensions,EU/Brexit
S14000037,Gordon,SNP,LD,79393,Alex Salmond,Economy and growth,Terrorism,Refugees/immigration
S14000038,Inverclyde,SNP,Lab,59350,Ronnie Cowan,Healthcare/NHS,EU/Brexit,Pensions
S14000039,"Inverness, Nairn, Badenoch and Strathspey",SNP,LD,77628,Drew Hendry,Pensions,Healthcare/NHS,Refugees/immigration
S14000040,Kilmarnock and Loudoun,SNP,Lab,75250,Alan Brown,Healthcare/NHS,Pensions,EU/Brexit
S14000041,Kirkcaldy and Cowdenbeath,SNP,Lab,75941,Roger Mullin,Pensions,Healthcare/NHS,EU/Brexit
S14000042,Lanark and Hamilton East,SNP,Lab,79962,Angela Crawley,Racism,Healthcare/NHS,Religion
S14000043,Linlithgow and East Falkirk,SNP,Lab,86955,Martyn Day,Healthcare/NHS,EU/Brexit,Pensions
S14000044,Livingston,SNP,Lab,82373,Hannah Bardell,Religion,Healthcare/NHS,EU/Brexit
S14000045,Midlothian,SNP,Lab,67875,Owen Thompson,Government budget,Healthcare/NHS,EU/Brexit
S14000046,Moray,SNP,Con,71685,Angus Robertson,Healthcare/NHS,Pensions,EU/Brexit
S14000047,Motherwell and Wishaw,SNP,Lab,70283,Marion Fellows,Government budget,Healthcare/NHS,EU/Brexit
S14000048,North Ayrshire and Arran,SNP,Lab,75791,Patricia Gibson,EU/Brexit,Terrorism,Healthcare/NHS
S14000049,North East Fife,SNP,LD,62003,Stephen Gethins,Healthcare/NHS,Terrorism,EU/Brexit
S14000050,Ochil and South Perthshire,SNP,Lab,77370,Tasmina Ahmed-Sheikh,Healthcare/NHS,EU/Brexit,Unemployment
S14000051,Orkney and Shetland,LD,SNP,34552,Alistair Carmichael,Pensions,Healthcare/NHS,EU/Brexit
S14000052,Paisley and Renfrewshire North,SNP,Lab,66206,Gavin Newlands,Terrorism,EU/Brexit,Healthcare/NHS
S14000053,Paisley and Renfrewshire South,SNP,Lab,61281,Mhairi Black,Pensions,Healthcare/NHS,Economy and growth
S14000054,Perth and North Perthshire,SNP,Con,72459,Pete Wishart,Healthcare/NHS,Pensions,EU/Brexit
S14000055,"Ross, Skye and Lochaber",SNP,LD,54169,Ian Blackford,EU/Brexit,Refugees/immigration,Healthcare/NHS
S14000056,Rutherglen and Hamilton West,SNP,Lab,82830,Margaret Ferrier,Environment/Climate change,EU/Brexit,Healthcare/NHS
S14000057,Stirling,SNP,Lab,67236,Steven Paterson,Healthcare/NHS,EU/Brexit,Pensions
S14000058,West Aberdeenshire and Kincardine,SNP,Con,73445,Stuart Donaldson,Racism,Healthcare/NHS,Pensions
S14000059,West Dunbartonshire,SNP,Lab,69208,Martin Docherty,EU/Brexit,Religion,Pensions
W07000041,Ynys Mon,Lab,PC,49939,Albert Owen,Healthcare/NHS,Pensions,EU/Brexit
W07000042,Delyn,Lab,Con,53639,David Hanson,Healthcare/NHS,EU/Brexit,Pensions
W07000043,Alyn and Deeside,Lab,Con,62016,Mark Tami,Healthcare/NHS,EU/Brexit,Pensions
W07000044,Wrexham,Lab,Con,50992,Ian Lucas,Healthcare/NHS,EU/Brexit,Pensions
W07000045,Llanelli,Lab,PC,59314,Nia Griffith,Pensions,Healthcare/NHS,EU/Brexit
W07000046,Gower,Con,Lab,61820,Byron Davies,Healthcare/NHS,EU/Brexit,Pensions
W07000047,Swansea West,Lab,Con,58776,Geraint Davies,Healthcare/NHS,Pensions,Religion
W07000048,Swansea East,Lab,UKIP,58011,Carolyn Harris,Environment/Climate change,Healthcare/NHS,Pensions
W07000049,Aberavon,Lab,UKIP,49821,Stephen Kinnock,EU/Brexit,Healthcare/NHS,Pensions
W07000050,Cardiff Central,Lab,LD,57456,Jo Stevens,Healthcare/NHS,EU/Brexit,Religion
W07000051,Cardiff North,Con,Lab,67196,Craig Williams,Pensions,Healthcare/NHS,EU/Brexit
W07000052,Rhondda,Lab,PC,51811,Chris Bryant,Religion,Healthcare/NHS,EU/Brexit
W07000053,Torfaen,Lab,Con,61896,Nick Thomas-Symonds,Healthcare/NHS,Pensions,EU/Brexit
W07000054,Monmouth,Con,Lab,62248,David Davies,Healthcare/NHS,Pensions,Religion
W07000055,Newport East,Lab,Con,56015,Jessica Morden,Healthcare/NHS,EU/Brexit,Unemployment
W07000056,Newport West,Lab,Con,62137,Paul Flynn,Healthcare/NHS,EU/Brexit,Pensions
W07000057,Arfon,PC,Lab,40492,Hywel Williams,Environment/Climate change,Healthcare/NHS,EU/Brexit
W07000058,Aberconwy,Con,Lab,45525,Guto Bebb,Healthcare/NHS,EU/Brexit,Pensions
W07000059,Clwyd West,Con,Lab,58644,David Jones,Healthcare/NHS,EU/Brexit,Pensions
W07000060,Vale of Clwyd,Con,Lab,56505,James Davies,Healthcare/NHS,EU/Brexit,Refugees/immigration
W07000061,Dwyfor Meirionnydd,PC,Con,44394,Liz Saville-Roberts,Healthcare/NHS,Racism,Pensions
W07000062,Clwyd South,Lab,Con,54996,Susan Elan Jones,Healthcare/NHS,EU/Brexit,Religion
W07000063,Montgomeryshire,Con,LD,48690,Glyn Davies,Religion,Healthcare/NHS,EU/Brexit
W07000064,Ceredigion,LD,PC,54242,Mark Williams,EU/Brexit,Pensions,Religion
W07000065,Preseli Pembrokeshire,Con,Lab,57291,Stephen Crabb,Terrorism,Healthcare/NHS,EU/Brexit
W07000066,Carmarthen West and South Pembrokeshire,Con,Lab,57755,Simon Hart,Pensions,Healthcare/NHS,EU/Brexit
W07000067,Carmarthen East and Dinefwr,PC,Lab,55750,Jonathan Edwards,Healthcare/NHS,EU/Brexit,Pensions
W07000068,Brecon and Radnorshire,Con,LD,54441,Chris Davies,Religion,Healthcare/NHS,Pensions
W07000069,Neath,Lab,PC,56097,Christina Rees,Healthcare/NHS,EU/Brexit,Pensions
W07000070,Cynon Valley,Lab,PC,51422,Ann Clwyd,Healthcare/NHS,EU/Brexit,Pensions
W07000071,Merthyr Tydfil and Rhymney,Lab,UKIP,61716,Gerald Jones,Healthcare/NHS,Religion,EU/Brexit
W07000072,Blaenau Gwent,Lab,UKIP,51335,Nick Smith,Healthcare/NHS,Government budget,EU/Brexit
W07000073,Bridgend,Lab,Con,59998,Madeleine Moon,Religion,Healthcare/NHS,EU/Brexit
W07000074,Ogmore,Lab,Con,55572,Chris Elmore,Healthcare/NHS,Pensions,Religion
W07000075,Pontypridd,Lab,Con,58940,Owen Smith,Pensions,Healthcare/NHS,Religion
W07000076,Caerphilly,Lab,UKIP,63603,Wayne David,Healthcare/NHS,EU/Brexit,Pensions
W07000077,Islwyn,Lab,UKIP,55697,Chris Evans,Healthcare/NHS,EU/Brexit,Pensions
W07000078,Vale of Glamorgan,Con,Lab,72794,Alun Cairns,EU/Brexit,Religion,Healthcare/NHS
W07000079,Cardiff West,Lab,Con,66762,Kevin Brennan,Pensions,Healthcare/NHS,EU/Brexit
W07000080,Cardiff South and Penarth,Lab,Con,76006,Stephen Doughty,EU/Brexit,Healthcare/NHS,Pensions